{"accuracy": [0.25902777910232544, 0.49444442987442017, 0.6111111044883728, 0.668749988079071, 0.7465277910232544, 0.7763888835906982, 0.7923611402511597, 0.8305555582046509, 0.8395833373069763, 0.8666666746139526, 0.8701388835906982, 0.9069444537162781, 0.9048610925674438, 0.9131944179534912, 0.918749988079071, 0.9166666865348816, 0.9118055701255798, 0.925694465637207, 0.9277777671813965, 0.9479166865348816, 0.9513888955116272, 0.9465277791023254, 0.9729166626930237, 0.9666666388511658, 0.9694444537162781, 0.9729166626930237, 0.9631944298744202, 0.9715277552604675], "val_accuracy": [0.3305555582046509, 0.4833333194255829, 0.5638889074325562, 0.605555534362793, 0.6666666865348816, 0.6138888597488403, 0.6555555462837219, 0.6944444179534912, 0.6638888716697693, 0.6888889074325562, 0.6777777671813965, 0.675000011920929, 0.6972222328186035, 0.6944444179534912, 0.7027778029441833, 0.7250000238418579, 0.7027778029441833, 0.6861110925674438, 0.6777777671813965, 0.6972222328186035, 0.6916666626930237, 0.7027778029441833, 0.7027778029441833, 0.7083333134651184, 0.7027778029441833, 0.7055555582046509, 0.7083333134651184, 0.7222222089767456], "loss": [2.570024013519287, 1.589246153831482, 1.1946922540664673, 1.0026854276657104, 0.7582101821899414, 0.6523864269256592, 0.6115403771400452, 0.49674826860427856, 0.4654616415500641, 0.3840676546096802, 0.39142119884490967, 0.298757940530777, 0.2712138295173645, 0.24375206232070923, 0.24431413412094116, 0.24786688387393951, 0.2736032009124756, 0.22457659244537354, 0.2143149971961975, 0.17408621311187744, 0.1333092749118805, 0.14321035146713257, 0.08500265330076218, 0.10269320011138916, 0.0850333645939827, 0.08514817804098129, 0.09160763770341873, 0.08177907019853592], "val_loss": [2.0087406635284424, 1.6207382678985596, 1.3516219854354858, 1.1978031396865845, 1.064698576927185, 1.1075717210769653, 1.053181529045105, 0.984836757183075, 1.0760910511016846, 1.087945818901062, 1.1080018281936646, 1.0880407094955444, 1.0828567743301392, 1.162992238998413, 1.1524314880371094, 1.187533974647522, 1.216684103012085, 1.2392627000808716, 1.2029017210006714, 1.1947989463806152, 1.2107887268066406, 1.252592921257019, 1.2067623138427734, 1.2422187328338623, 1.251648187637329, 1.2172675132751465, 1.2435393333435059, 1.2282460927963257], "img_size": 224}