{"accuracy": [0.10138888657093048, 0.2326388955116272, 0.31041666865348816, 0.38749998807907104, 0.4576388895511627, 0.2673611044883728, 0.3062500059604645, 0.33194443583488464], "val_accuracy": [0.19722221791744232, 0.28611111640930176, 0.4194444417953491, 0.43888887763023376, 0.5027777552604675, 0.49444442987442017, 0.48055556416511536, 0.47777777910232544], "loss": [3.147036075592041, 2.4412550926208496, 2.128492832183838, 1.8686784505844116, 1.6063497066497803, 2.343400716781616, 2.1703591346740723, 2.0219664573669434], "val_loss": [2.454943895339966, 2.104797840118408, 1.8290952444076538, 1.6620367765426636, 1.545416235923767, 1.5496344566345215, 1.6645547151565552, 1.7507824897766113], "img_size": 224, "learning_rate": [0.0010000000474974513, 0.0010000000474974513, 0.0010000000474974513, 0.0010000000474974513, 0.0010000000474974513]}